order_id,order_date,product,category,city,channel,quantity,price,total_sales
1000,05-12-2025 14:00,Backpack,Accessories,Hyderabad,Offline,2,11899,23798
1001,02-03-2025 15:00,Laptop,Electronics,Hyderabad,Offline,1,8114,8114
1002,31-08-2025 07:00,Backpack,Accessories,Hyderabad,Offline,4,4314,17256
1003,27-11-2025 19:00,Headphones,Electronics,Chennai,Online,2,33969,67938
1004,08-03-2025 15:00,Smartphone,Electronics,Bangalore,Online,3,42462,127386
1005,20-07-2025 18:00,Smartphone,Electronics,Delhi,Offline,3,681,2043
1006,11-01-2025 13:00,Smartphone,Electronics,Chennai,Online,1,7368,7368
1007,02-10-2025 06:00,Smartphone,Electronics,Bangalore,Online,2,772,1544
1008,08-06-2025 16:00,Laptop,Electronics,Pune,Online,3,28834,86502
1009,31-07-2025 06:00,T-shirt,Fashion,Delhi,Offline,3,49921,149763
1010,10-06-2025 13:00,Shoes,Fashion,Mumbai,Online,4,45816,183264
1011,03-12-2025 11:00,Tablet,Electronics,Chennai,Online,5,15353,76765
1012,16-04-2025 20:00,Shoes,Fashion,Hyderabad,Offline,5,5827,29135
1013,18-08-2025 03:00,Tablet,Electronics,Bangalore,Offline,5,6995,34975
1014,06-07-2025 01:00,Tablet,Electronics,Chennai,Offline,1,4768,4768
1015,09-05-2025 11:00,Watch,Accessories,Bangalore,Offline,2,41276,82552
1016,21-07-2025 12:00,Backpack,Accessories,Chennai,Offline,1,26282,26282
1017,10-12-2025 18:00,Backpack,Accessories,Chennai,Online,2,6908,13816
1018,01-09-2025 19:00,Shoes,Fashion,Bangalore,Online,1,39133,39133
1019,02-08-2025 03:00,Headphones,Electronics,Delhi,Offline,4,36721,146884
1020,12-04-2025 19:00,Shoes,Fashion,Mumbai,Online,3,47294,141882
1021,26-04-2025 19:00,Shoes,Fashion,Delhi,Online,2,15685,31370
1022,12-07-2025 11:00,Watch,Accessories,Pune,Offline,4,36851,147404
1023,23-01-2025 22:00,Smartphone,Electronics,Bangalore,Offline,1,43055,43055
1024,17-07-2025 23:00,T-shirt,Fashion,Hyderabad,Offline,3,48161,144483
1025,20-08-2025 11:00,Headphones,Electronics,Mumbai,Online,1,46547,46547
1026,30-08-2025 16:00,Backpack,Accessories,Mumbai,Offline,3,33409,100227
1027,08-04-2025 22:00,Laptop,Electronics,Bangalore,Online,4,49232,196928
1028,28-08-2025 14:00,Shoes,Fashion,Pune,Online,2,22394,44788
1029,19-12-2025 13:00,Shoes,Fashion,Delhi,Online,4,10046,40184
1030,06-03-2025 03:00,Laptop,Electronics,Hyderabad,Online,2,47796,95592
1031,08-02-2025 08:00,Tablet,Electronics,Pune,Offline,4,40241,160964
1032,29-04-2025 02:00,Smartphone,Electronics,Delhi,Online,1,42623,42623
1033,24-12-2025 04:00,T-shirt,Fashion,Bangalore,Online,5,33440,167200
1034,20-06-2025 17:00,Laptop,Electronics,Bangalore,Offline,5,19740,98700
1035,01-12-2025 01:00,Tablet,Electronics,Hyderabad,Online,4,24558,98232
1036,13-11-2025 23:00,Smartphone,Electronics,Chennai,Online,3,34360,103080
1037,26-04-2025 21:00,Headphones,Electronics,Hyderabad,Offline,3,30621,91863
1038,29-07-2025 20:00,Shoes,Fashion,Hyderabad,Online,4,5922,23688
1039,08-08-2025 22:00,T-shirt,Fashion,Pune,Offline,3,13541,40623
1040,16-01-2025 13:00,Smartphone,Electronics,Hyderabad,Online,3,26057,78171
1041,29-10-2025 09:00,T-shirt,Fashion,Mumbai,Online,5,8057,40285
1042,15-12-2025 10:00,Laptop,Electronics,Delhi,Offline,3,17867,53601
1043,23-08-2025 03:00,Shoes,Fashion,Bangalore,Online,3,10598,31794
1044,11-07-2025 22:00,Backpack,Accessories,Chennai,Offline,3,15073,45219
1045,09-11-2025 11:00,Watch,Accessories,Hyderabad,Offline,4,44413,177652
1046,21-12-2025 01:00,Smartphone,Electronics,Bangalore,Online,2,21643,43286
1047,22-10-2025 10:00,T-shirt,Fashion,Pune,Offline,1,1491,1491
1048,31-12-2025 22:00,Tablet,Electronics,Pune,Offline,1,15495,15495
1049,26-11-2025 14:00,Backpack,Accessories,Bangalore,Online,4,18683,74732
1050,27-09-2025 07:00,Headphones,Electronics,Hyderabad,Offline,5,19171,95855
1051,09-05-2025 20:00,Laptop,Electronics,Bangalore,Online,5,2052,10260
1052,23-08-2025 22:00,T-shirt,Fashion,Bangalore,Online,3,7852,23556
1053,29-10-2025 06:00,T-shirt,Fashion,Pune,Online,5,13186,65930
1054,28-04-2025 23:00,Watch,Accessories,Mumbai,Online,5,22222,111110
1055,13-09-2025 12:00,Smartphone,Electronics,Chennai,Online,3,13339,40017
1056,22-08-2025 10:00,Shoes,Fashion,Chennai,Online,2,40721,81442
1057,31-05-2025 20:00,Watch,Accessories,Mumbai,Online,5,35379,176895
1058,13-10-2025 15:00,Watch,Accessories,Bangalore,Online,4,10051,40204
1059,03-04-2025 07:00,Shoes,Fashion,Chennai,Offline,4,11791,47164
1060,01-11-2025 17:00,Shoes,Fashion,Delhi,Online,3,20572,61716
1061,28-11-2025 20:00,Shoes,Fashion,Chennai,Offline,2,4923,9846
1062,13-02-2025 23:00,Watch,Accessories,Mumbai,Offline,5,6108,30540
1063,10-09-2025 14:00,Watch,Accessories,Chennai,Offline,3,6042,18126
1064,01-12-2025 20:00,T-shirt,Fashion,Chennai,Offline,5,48056,240280
1065,02-07-2025 02:00,Laptop,Electronics,Hyderabad,Online,3,47743,143229
1066,29-11-2025 09:00,T-shirt,Fashion,Chennai,Offline,3,35565,106695
1067,19-02-2025 18:00,Laptop,Electronics,Bangalore,Offline,1,23957,23957
1068,21-03-2025 18:00,Smartphone,Electronics,Delhi,Online,1,23579,23579
1069,12-11-2025 09:00,Smartphone,Electronics,Hyderabad,Offline,1,30781,30781
1070,26-02-2025 19:00,Shoes,Fashion,Mumbai,Online,1,27635,27635
1071,06-11-2025 17:00,Shoes,Fashion,Mumbai,Offline,5,11065,55325
1072,13-10-2025 09:00,Tablet,Electronics,Hyderabad,Online,4,47621,190484
1073,22-08-2025 19:00,Tablet,Electronics,Delhi,Online,3,24495,73485
1074,29-09-2025 22:00,Watch,Accessories,Delhi,Offline,1,35728,35728
1075,06-02-2025 08:00,Laptop,Electronics,Bangalore,Online,3,47831,143493
1076,21-01-2025 06:00,Backpack,Accessories,Mumbai,Offline,2,19210,38420
1077,21-10-2025 21:00,Backpack,Accessories,Bangalore,Online,2,19457,38914
1078,01-09-2025 19:00,Headphones,Electronics,Mumbai,Online,4,8383,33532
1079,10-09-2025 06:00,Shoes,Fashion,Pune,Offline,2,49496,98992
1080,26-11-2025 16:00,Laptop,Electronics,Hyderabad,Online,4,9713,38852
1081,24-12-2025 19:00,Headphones,Electronics,Delhi,Online,3,35325,105975
1082,14-08-2025 01:00,T-shirt,Fashion,Hyderabad,Online,1,25646,25646
1083,29-03-2025 11:00,T-shirt,Fashion,Hyderabad,Online,1,46210,46210
1084,22-05-2025 21:00,Laptop,Electronics,Pune,Online,3,41424,124272
1085,24-02-2025 19:00,Laptop,Electronics,Bangalore,Online,4,32272,129088
1086,16-11-2025 01:00,T-shirt,Fashion,Hyderabad,Online,3,6164,18492
1087,04-04-2025 15:00,T-shirt,Fashion,Pune,Offline,4,13802,55208
1088,04-08-2025 00:00,Backpack,Accessories,Pune,Offline,1,24276,24276
1089,24-08-2025 09:00,Backpack,Accessories,Delhi,Online,3,8958,26874
1090,26-05-2025 04:00,T-shirt,Fashion,Delhi,Offline,3,23958,71874
1091,04-05-2025 00:00,Smartphone,Electronics,Hyderabad,Offline,4,15041,60164
1092,09-12-2025 06:00,Shoes,Fashion,Bangalore,Online,5,45558,227790
1093,03-04-2025 12:00,Laptop,Electronics,Delhi,Online,5,21573,107865
1094,19-06-2025 08:00,Tablet,Electronics,Delhi,Offline,4,3335,13340
1095,23-11-2025 19:00,Laptop,Electronics,Chennai,Offline,4,38166,152664
1096,10-06-2025 09:00,Watch,Accessories,Hyderabad,Online,2,43442,86884
1097,14-04-2025 10:00,Laptop,Electronics,Bangalore,Online,1,10622,10622
1098,17-12-2025 08:00,Smartphone,Electronics,Hyderabad,Online,1,49352,49352
1099,16-09-2025 04:00,Shoes,Fashion,Bangalore,Offline,2,28160,56320
1100,11-10-2025 08:00,Tablet,Electronics,Delhi,Online,4,11707,46828
1101,10-06-2025 21:00,Laptop,Electronics,Chennai,Offline,1,34177,34177
1102,08-02-2025 20:00,Headphones,Electronics,Mumbai,Offline,2,47444,94888
1103,03-01-2025 07:00,Backpack,Accessories,Chennai,Offline,4,8365,33460
1104,03-09-2025 22:00,Tablet,Electronics,Pune,Offline,4,25291,101164
1105,08-03-2025 23:00,Shoes,Fashion,Chennai,Online,1,26922,26922
1106,14-01-2025 04:00,Tablet,Electronics,Pune,Offline,4,9477,37908
1107,23-05-2025 05:00,Smartphone,Electronics,Hyderabad,Online,4,38827,155308
1108,20-07-2025 00:00,Laptop,Electronics,Chennai,Online,5,4912,24560
1109,20-08-2025 10:00,Smartphone,Electronics,Chennai,Offline,2,8872,17744
1110,31-12-2025 12:00,Tablet,Electronics,Mumbai,Online,4,34135,136540
1111,24-05-2025 14:00,T-shirt,Fashion,Hyderabad,Offline,3,24829,74487
1112,07-10-2025 07:00,Shoes,Fashion,Pune,Offline,2,33056,66112
1113,23-07-2025 18:00,Backpack,Accessories,Delhi,Offline,4,44494,177976
1114,16-06-2025 05:00,Tablet,Electronics,Hyderabad,Offline,4,48609,194436
1115,09-03-2025 08:00,Tablet,Electronics,Mumbai,Offline,1,49918,49918
1116,01-01-2025 10:00,Watch,Accessories,Mumbai,Offline,3,34148,102444
1117,14-10-2025 13:00,Shoes,Fashion,Pune,Online,1,4553,4553
1118,15-07-2025 07:00,Backpack,Accessories,Mumbai,Offline,2,29993,59986
1119,17-06-2025 14:00,Laptop,Electronics,Mumbai,Offline,2,28976,57952
1120,20-11-2025 16:00,Shoes,Fashion,Chennai,Online,1,5338,5338
1121,09-12-2025 01:00,Smartphone,Electronics,Hyderabad,Offline,2,47705,95410
1122,23-08-2025 20:00,Shoes,Fashion,Hyderabad,Offline,2,10274,20548
1123,23-08-2025 12:00,Tablet,Electronics,Mumbai,Offline,5,23043,115215
1124,11-10-2025 10:00,Laptop,Electronics,Mumbai,Online,3,43693,131079
1125,02-06-2025 01:00,Laptop,Electronics,Delhi,Offline,3,7660,22980
1126,02-04-2025 06:00,Watch,Accessories,Hyderabad,Online,1,24862,24862
1127,20-02-2025 12:00,Watch,Accessories,Hyderabad,Offline,3,41154,123462
1128,28-06-2025 02:00,Smartphone,Electronics,Mumbai,Offline,2,25080,50160
1129,19-03-2025 07:00,Backpack,Accessories,Bangalore,Offline,2,35732,71464
1130,09-06-2025 17:00,Shoes,Fashion,Bangalore,Online,2,27026,54052
1131,28-01-2025 02:00,Smartphone,Electronics,Delhi,Offline,5,3150,15750
1132,11-08-2025 14:00,Smartphone,Electronics,Chennai,Offline,4,31662,126648
1133,05-01-2025 12:00,Watch,Accessories,Pune,Online,1,35656,35656
1134,07-05-2025 20:00,Smartphone,Electronics,Delhi,Online,4,14021,56084
1135,05-09-2025 08:00,Shoes,Fashion,Pune,Online,1,24103,24103
1136,13-06-2025 11:00,Laptop,Electronics,Chennai,Offline,5,47039,235195
1137,21-04-2025 04:00,Shoes,Fashion,Mumbai,Online,1,27737,27737
1138,29-11-2025 16:00,Shoes,Fashion,Pune,Offline,1,11430,11430
1139,23-11-2025 02:00,Tablet,Electronics,Mumbai,Offline,3,1701,5103
1140,11-01-2025 17:00,Headphones,Electronics,Hyderabad,Online,5,22286,111430
1141,17-07-2025 04:00,Shoes,Fashion,Pune,Offline,2,2126,4252
1142,07-04-2025 13:00,Headphones,Electronics,Hyderabad,Online,4,24906,99624
1143,18-12-2025 13:00,Smartphone,Electronics,Mumbai,Online,5,1239,6195
1144,10-10-2025 13:00,Laptop,Electronics,Mumbai,Offline,2,21069,42138
1145,23-11-2025 19:00,Headphones,Electronics,Mumbai,Online,3,39004,117012
1146,14-08-2025 12:00,Laptop,Electronics,Hyderabad,Online,1,18720,18720
1147,02-08-2025 06:00,Shoes,Fashion,Mumbai,Offline,5,35669,178345
1148,17-01-2025 06:00,Smartphone,Electronics,Pune,Offline,1,38160,38160
1149,18-10-2025 02:00,Shoes,Fashion,Mumbai,Online,5,13283,66415
1150,06-07-2025 04:00,Tablet,Electronics,Hyderabad,Online,4,24141,96564
1151,04-08-2025 08:00,Tablet,Electronics,Delhi,Offline,1,38649,38649
1152,16-12-2025 11:00,Watch,Accessories,Delhi,Online,4,26270,105080
1153,24-10-2025 11:00,Laptop,Electronics,Chennai,Offline,3,30334,91002
1154,04-07-2025 05:00,T-shirt,Fashion,Delhi,Offline,5,1898,9490
1155,19-10-2025 01:00,Backpack,Accessories,Bangalore,Online,5,26055,130275
1156,07-03-2025 14:00,Tablet,Electronics,Mumbai,Online,5,20092,100460
1157,06-06-2025 08:00,Headphones,Electronics,Pune,Offline,2,14860,29720
1158,04-02-2025 00:00,Backpack,Accessories,Chennai,Online,2,17797,35594
1159,21-10-2025 02:00,Headphones,Electronics,Mumbai,Online,1,32825,32825
1160,07-07-2025 04:00,Tablet,Electronics,Pune,Online,5,14335,71675
1161,08-11-2025 08:00,Watch,Accessories,Hyderabad,Online,3,22641,67923
1162,06-02-2025 08:00,Laptop,Electronics,Bangalore,Offline,1,30599,30599
1163,29-08-2025 16:00,Headphones,Electronics,Hyderabad,Offline,4,5869,23476
1164,03-03-2025 11:00,Shoes,Fashion,Pune,Online,5,17928,89640
1165,11-05-2025 07:00,Tablet,Electronics,Mumbai,Offline,3,12374,37122
1166,06-09-2025 02:00,Laptop,Electronics,Bangalore,Online,1,41550,41550
1167,17-06-2025 19:00,T-shirt,Fashion,Chennai,Online,5,13619,68095
1168,29-07-2025 20:00,Watch,Accessories,Hyderabad,Online,4,45805,183220
1169,06-06-2025 20:00,Shoes,Fashion,Mumbai,Offline,4,29887,119548
1170,23-09-2025 21:00,Shoes,Fashion,Hyderabad,Offline,4,38967,155868
1171,10-04-2025 00:00,Watch,Accessories,Hyderabad,Online,3,44848,134544
1172,15-01-2025 20:00,Shoes,Fashion,Pune,Online,5,26136,130680
1173,23-11-2025 05:00,T-shirt,Fashion,Pune,Online,3,46783,140349
1174,20-10-2025 15:00,Tablet,Electronics,Hyderabad,Online,5,30038,150190
1175,21-09-2025 18:00,Tablet,Electronics,Chennai,Offline,4,21657,86628
1176,19-02-2025 03:00,Headphones,Electronics,Mumbai,Online,3,8028,24084
1177,29-05-2025 16:00,Tablet,Electronics,Hyderabad,Online,4,49822,199288
1178,03-12-2025 03:00,T-shirt,Fashion,Delhi,Online,5,20829,104145
1179,22-10-2025 17:00,Tablet,Electronics,Hyderabad,Online,3,7054,21162
1180,28-07-2025 18:00,Shoes,Fashion,Mumbai,Online,4,12014,48056
1181,30-03-2025 09:00,Laptop,Electronics,Pune,Offline,3,18195,54585
1182,03-03-2025 10:00,Backpack,Accessories,Delhi,Online,4,27522,110088
1183,08-10-2025 22:00,Smartphone,Electronics,Hyderabad,Online,5,15274,76370
1184,09-08-2025 00:00,Shoes,Fashion,Delhi,Offline,4,46012,184048
1185,19-05-2025 02:00,T-shirt,Fashion,Chennai,Online,4,45788,183152
1186,14-11-2025 15:00,Headphones,Electronics,Pune,Online,2,23206,46412
1187,28-09-2025 10:00,Headphones,Electronics,Bangalore,Online,3,1440,4320
1188,29-04-2025 23:00,Backpack,Accessories,Delhi,Offline,3,20076,60228
1189,06-12-2025 22:00,Backpack,Accessories,Delhi,Online,3,23872,71616
1190,07-06-2025 22:00,Watch,Accessories,Delhi,Offline,3,11034,33102
1191,10-09-2025 10:00,Tablet,Electronics,Hyderabad,Offline,4,21623,86492
1192,10-02-2025 18:00,Headphones,Electronics,Chennai,Online,2,2418,4836
1193,16-04-2025 00:00,T-shirt,Fashion,Bangalore,Online,2,32327,64654
1194,29-01-2025 02:00,Watch,Accessories,Bangalore,Offline,5,1088,5440
1195,21-12-2025 04:00,Watch,Accessories,Pune,Offline,2,18630,37260
1196,31-08-2025 13:00,Headphones,Electronics,Delhi,Offline,3,7039,21117
1197,12-01-2025 23:00,Smartphone,Electronics,Delhi,Online,2,42185,84370
1198,17-08-2025 03:00,Smartphone,Electronics,Chennai,Offline,1,10006,10006
1199,14-11-2025 05:00,Backpack,Accessories,Bangalore,Online,4,20595,82380
1200,13-03-2025 18:00,Shoes,Fashion,Hyderabad,Online,4,36209,144836
1201,08-11-2025 10:00,T-shirt,Fashion,Mumbai,Offline,4,31243,124972
1202,17-03-2025 08:00,Tablet,Electronics,Mumbai,Offline,5,24524,122620
1203,06-11-2025 00:00,Backpack,Accessories,Mumbai,Offline,3,35027,105081
1204,28-07-2025 13:00,Tablet,Electronics,Delhi,Online,5,22669,113345
1205,11-05-2025 13:00,Smartphone,Electronics,Pune,Online,5,14068,70340
1206,05-02-2025 21:00,Watch,Accessories,Delhi,Online,5,28183,140915
1207,10-09-2025 22:00,Smartphone,Electronics,Chennai,Offline,3,43298,129894
1208,06-04-2025 17:00,Watch,Accessories,Bangalore,Offline,4,39904,159616
1209,31-08-2025 14:00,Tablet,Electronics,Delhi,Online,3,49886,149658
1210,27-02-2025 14:00,Tablet,Electronics,Pune,Offline,4,23978,95912
1211,03-09-2025 06:00,Headphones,Electronics,Mumbai,Online,5,9393,46965
1212,12-04-2025 13:00,Laptop,Electronics,Delhi,Offline,3,46541,139623
1213,17-08-2025 13:00,Shoes,Fashion,Mumbai,Offline,1,19008,19008
1214,03-09-2025 23:00,Laptop,Electronics,Pune,Offline,2,12457,24914
1215,14-08-2025 09:00,Smartphone,Electronics,Hyderabad,Offline,5,32699,163495
1216,30-12-2025 06:00,Watch,Accessories,Pune,Offline,4,1966,7864
1217,14-11-2025 12:00,Laptop,Electronics,Delhi,Offline,4,16321,65284
1218,19-08-2025 19:00,Watch,Accessories,Mumbai,Offline,5,14787,73935
1219,22-08-2025 03:00,Watch,Accessories,Delhi,Online,4,31828,127312
1220,08-09-2025 19:00,Watch,Accessories,Delhi,Online,2,27573,55146
1221,21-08-2025 07:00,Smartphone,Electronics,Chennai,Offline,4,18944,75776
1222,20-11-2025 05:00,Smartphone,Electronics,Delhi,Offline,5,31091,155455
1223,11-10-2025 17:00,T-shirt,Fashion,Bangalore,Offline,2,18574,37148
1224,05-09-2025 06:00,Tablet,Electronics,Mumbai,Online,4,17878,71512
1225,09-05-2025 16:00,Laptop,Electronics,Delhi,Offline,5,12058,60290
1226,01-04-2025 21:00,Laptop,Electronics,Bangalore,Online,4,8936,35744
1227,05-01-2025 20:00,Laptop,Electronics,Bangalore,Offline,4,43956,175824
1228,17-09-2025 17:00,Smartphone,Electronics,Bangalore,Offline,1,6290,6290
1229,04-07-2025 08:00,Smartphone,Electronics,Hyderabad,Offline,2,29767,59534
1230,27-08-2025 10:00,Backpack,Accessories,Mumbai,Offline,3,6756,20268
1231,29-07-2025 01:00,Tablet,Electronics,Pune,Online,3,27082,81246
1232,08-09-2025 23:00,Watch,Accessories,Hyderabad,Offline,5,32066,160330
1233,30-09-2025 12:00,Laptop,Electronics,Hyderabad,Offline,1,2470,2470
1234,18-04-2025 08:00,Headphones,Electronics,Mumbai,Online,4,31590,126360
1235,27-11-2025 00:00,Laptop,Electronics,Hyderabad,Offline,3,37596,112788
1236,31-10-2025 11:00,Headphones,Electronics,Bangalore,Offline,3,46574,139722
1237,15-05-2025 05:00,Smartphone,Electronics,Mumbai,Online,1,6555,6555
1238,06-05-2025 16:00,Smartphone,Electronics,Mumbai,Offline,4,49082,196328
1239,01-01-2025 15:00,Laptop,Electronics,Chennai,Online,2,38995,77990
1240,19-11-2025 09:00,Headphones,Electronics,Pune,Online,3,43028,129084
1241,06-10-2025 07:00,Watch,Accessories,Delhi,Offline,5,7349,36745
1242,15-05-2025 19:00,Shoes,Fashion,Chennai,Offline,4,14871,59484
1243,09-10-2025 12:00,Headphones,Electronics,Bangalore,Offline,2,11839,23678
1244,17-03-2025 12:00,T-shirt,Fashion,Pune,Online,1,3392,3392
1245,30-01-2025 00:00,Smartphone,Electronics,Mumbai,Offline,4,40411,161644
1246,24-12-2025 04:00,Smartphone,Electronics,Pune,Offline,1,27408,27408
1247,13-03-2025 09:00,Shoes,Fashion,Pune,Offline,1,38525,38525
1248,28-02-2025 18:00,Shoes,Fashion,Pune,Online,1,42888,42888
1249,25-01-2025 02:00,Watch,Accessories,Pune,Offline,5,44556,222780
1250,01-02-2025 11:00,T-shirt,Fashion,Chennai,Offline,3,4069,12207
1251,23-08-2025 16:00,Headphones,Electronics,Bangalore,Offline,2,48168,96336
1252,14-11-2025 11:00,T-shirt,Fashion,Bangalore,Offline,5,2442,12210
1253,05-10-2025 10:00,Tablet,Electronics,Mumbai,Online,2,28466,56932
1254,14-12-2025 18:00,Backpack,Accessories,Mumbai,Offline,2,22141,44282
1255,26-02-2025 19:00,Shoes,Fashion,Chennai,Offline,3,19149,57447
1256,28-09-2025 22:00,Shoes,Fashion,Pune,Online,2,1096,2192
1257,01-07-2025 04:00,Backpack,Accessories,Delhi,Online,1,36290,36290
1258,26-02-2025 01:00,Headphones,Electronics,Delhi,Offline,1,34386,34386
1259,07-02-2025 02:00,Shoes,Fashion,Chennai,Online,2,32049,64098
1260,24-10-2025 18:00,Watch,Accessories,Chennai,Online,3,2583,7749
1261,25-11-2025 19:00,Laptop,Electronics,Delhi,Offline,5,43428,217140
1262,06-03-2025 07:00,Backpack,Accessories,Bangalore,Offline,4,11887,47548
1263,20-09-2025 15:00,Shoes,Fashion,Pune,Offline,3,7700,23100
1264,27-02-2025 02:00,Laptop,Electronics,Pune,Online,4,1409,5636
1265,12-10-2025 18:00,Backpack,Accessories,Bangalore,Offline,3,26366,79098
1266,21-05-2025 14:00,Watch,Accessories,Chennai,Online,4,42583,170332
1267,13-05-2025 13:00,Backpack,Accessories,Bangalore,Online,4,34832,139328
1268,24-03-2025 20:00,Headphones,Electronics,Hyderabad,Offline,3,982,2946
1269,21-11-2025 19:00,Watch,Accessories,Delhi,Offline,2,8411,16822
1270,08-09-2025 15:00,Watch,Accessories,Chennai,Online,3,44391,133173
1271,18-06-2025 20:00,Shoes,Fashion,Delhi,Online,2,46379,92758
1272,17-03-2025 07:00,Tablet,Electronics,Chennai,Offline,5,19929,99645
1273,11-09-2025 13:00,Headphones,Electronics,Pune,Online,5,14673,73365
1274,15-04-2025 07:00,T-shirt,Fashion,Chennai,Offline,5,45233,226165
1275,15-03-2025 18:00,Laptop,Electronics,Delhi,Online,5,12595,62975
1276,15-03-2025 16:00,Tablet,Electronics,Pune,Offline,1,39215,39215
1277,09-11-2025 02:00,Headphones,Electronics,Mumbai,Offline,4,19446,77784
1278,26-06-2025 10:00,Watch,Accessories,Chennai,Online,2,6024,12048
1279,06-10-2025 13:00,Tablet,Electronics,Delhi,Online,3,2051,6153
1280,03-09-2025 17:00,Headphones,Electronics,Mumbai,Online,1,3135,3135
1281,21-07-2025 09:00,Laptop,Electronics,Bangalore,Offline,3,18874,56622
1282,20-08-2025 03:00,Tablet,Electronics,Chennai,Offline,5,3374,16870
1283,29-11-2025 15:00,Shoes,Fashion,Hyderabad,Online,2,13839,27678
1284,06-09-2025 14:00,Backpack,Accessories,Hyderabad,Offline,5,10308,51540
1285,01-12-2025 04:00,T-shirt,Fashion,Bangalore,Offline,1,27344,27344
1286,11-08-2025 15:00,Shoes,Fashion,Bangalore,Online,3,23416,70248
1287,07-06-2025 07:00,Tablet,Electronics,Delhi,Online,2,47938,95876
1288,09-08-2025 09:00,Headphones,Electronics,Pune,Online,1,42766,42766
1289,12-12-2025 13:00,T-shirt,Fashion,Pune,Online,1,2915,2915
1290,13-06-2025 19:00,Headphones,Electronics,Pune,Online,4,11905,47620
1291,01-02-2025 08:00,Shoes,Fashion,Pune,Offline,2,28176,56352
1292,12-08-2025 17:00,Laptop,Electronics,Bangalore,Online,4,47358,189432
1293,20-12-2025 12:00,Watch,Accessories,Pune,Offline,2,35362,70724
1294,15-08-2025 10:00,Shoes,Fashion,Delhi,Online,5,22921,114605
1295,20-06-2025 09:00,Laptop,Electronics,Hyderabad,Offline,2,12787,25574
1296,19-04-2025 14:00,Smartphone,Electronics,Pune,Online,1,35539,35539
1297,26-10-2025 20:00,Smartphone,Electronics,Delhi,Offline,5,5522,27610
1298,06-12-2025 12:00,Laptop,Electronics,Chennai,Online,4,8143,32572
1299,26-07-2025 07:00,Backpack,Accessories,Mumbai,Online,3,41780,125340
1300,25-09-2025 10:00,Smartphone,Electronics,Mumbai,Offline,5,13697,68485
1301,19-03-2025 20:00,T-shirt,Fashion,Hyderabad,Online,1,44591,44591
1302,23-01-2025 12:00,Backpack,Accessories,Chennai,Offline,1,44027,44027
1303,01-12-2025 20:00,Laptop,Electronics,Delhi,Online,1,28988,28988
1304,25-11-2025 19:00,Laptop,Electronics,Delhi,Online,2,26263,52526
1305,21-06-2025 12:00,T-shirt,Fashion,Mumbai,Online,3,26432,79296
1306,12-04-2025 14:00,T-shirt,Fashion,Chennai,Offline,4,15254,61016
1307,25-08-2025 04:00,Backpack,Accessories,Mumbai,Online,5,48281,241405
1308,17-12-2025 17:00,Shoes,Fashion,Chennai,Offline,3,35878,107634
1309,27-07-2025 09:00,Backpack,Accessories,Delhi,Offline,2,2013,4026
1310,22-07-2025 04:00,Tablet,Electronics,Pune,Online,4,11024,44096
1311,05-03-2025 18:00,Smartphone,Electronics,Pune,Online,4,5364,21456
1312,09-04-2025 23:00,Backpack,Accessories,Chennai,Offline,4,49955,199820
1313,07-07-2025 06:00,T-shirt,Fashion,Mumbai,Online,4,45604,182416
1314,23-09-2025 22:00,Headphones,Electronics,Delhi,Online,4,32306,129224
1315,02-11-2025 12:00,Headphones,Electronics,Hyderabad,Offline,1,44268,44268
1316,01-03-2025 13:00,Smartphone,Electronics,Hyderabad,Online,5,11538,57690
1317,21-02-2025 14:00,Tablet,Electronics,Chennai,Online,1,4655,4655
1318,30-10-2025 12:00,Headphones,Electronics,Bangalore,Online,1,38865,38865
1319,04-08-2025 03:00,Watch,Accessories,Bangalore,Online,4,18075,72300
1320,04-03-2025 08:00,Tablet,Electronics,Pune,Online,5,8446,42230
1321,14-11-2025 13:00,Laptop,Electronics,Pune,Offline,4,36877,147508
1322,13-07-2025 12:00,Smartphone,Electronics,Hyderabad,Online,4,40592,162368
1323,05-02-2025 05:00,Watch,Accessories,Delhi,Offline,4,44842,179368
1324,21-01-2025 15:00,Smartphone,Electronics,Bangalore,Online,5,47641,238205
1325,19-08-2025 08:00,T-shirt,Fashion,Chennai,Online,4,14237,56948
1326,20-06-2025 11:00,Smartphone,Electronics,Delhi,Offline,2,20713,41426
1327,17-12-2025 15:00,Tablet,Electronics,Mumbai,Offline,1,41605,41605
1328,09-11-2025 06:00,Headphones,Electronics,Pune,Online,2,22678,45356
1329,01-10-2025 02:00,Laptop,Electronics,Bangalore,Offline,4,8598,34392
1330,03-04-2025 11:00,Watch,Accessories,Chennai,Online,3,28589,85767
1331,30-06-2025 13:00,Backpack,Accessories,Delhi,Offline,1,41534,41534
1332,01-03-2025 05:00,Headphones,Electronics,Mumbai,Offline,1,39736,39736
1333,18-01-2025 13:00,T-shirt,Fashion,Bangalore,Offline,5,29886,149430
1334,10-08-2025 09:00,Smartphone,Electronics,Chennai,Offline,3,25710,77130
1335,23-06-2025 22:00,Backpack,Accessories,Delhi,Online,1,6928,6928
1336,07-08-2025 18:00,Headphones,Electronics,Chennai,Offline,2,38178,76356
1337,14-02-2025 05:00,Headphones,Electronics,Pune,Online,2,35453,70906
1338,20-12-2025 23:00,Watch,Accessories,Chennai,Offline,3,11993,35979
1339,11-06-2025 17:00,Watch,Accessories,Chennai,Offline,5,33605,168025
1340,29-10-2025 02:00,Headphones,Electronics,Hyderabad,Online,1,7360,7360
1341,23-04-2025 00:00,T-shirt,Fashion,Delhi,Online,1,23852,23852
1342,24-11-2025 06:00,Shoes,Fashion,Delhi,Offline,1,10583,10583
1343,06-12-2025 19:00,Shoes,Fashion,Mumbai,Offline,4,45258,181032
1344,10-02-2025 11:00,T-shirt,Fashion,Mumbai,Online,4,44864,179456
1345,15-09-2025 00:00,Laptop,Electronics,Bangalore,Offline,3,3750,11250
1346,19-07-2025 03:00,T-shirt,Fashion,Pune,Online,4,32072,128288
1347,31-01-2025 13:00,Tablet,Electronics,Bangalore,Offline,4,41024,164096
1348,24-11-2025 10:00,Headphones,Electronics,Bangalore,Offline,3,15409,46227
1349,26-10-2025 01:00,Smartphone,Electronics,Chennai,Online,3,7994,23982
1350,04-09-2025 07:00,Tablet,Electronics,Hyderabad,Online,4,41738,166952
1351,09-05-2025 19:00,Shoes,Fashion,Mumbai,Offline,2,18646,37292
1352,18-03-2025 18:00,Backpack,Accessories,Chennai,Offline,1,25887,25887
1353,15-07-2025 00:00,Shoes,Fashion,Chennai,Online,1,26902,26902
1354,20-10-2025 02:00,Backpack,Accessories,Delhi,Offline,5,46118,230590
1355,30-06-2025 22:00,Watch,Accessories,Pune,Offline,4,28278,113112
1356,24-05-2025 22:00,Laptop,Electronics,Hyderabad,Offline,5,30392,151960
1357,14-08-2025 06:00,T-shirt,Fashion,Bangalore,Online,5,48303,241515
1358,30-03-2025 05:00,Headphones,Electronics,Chennai,Offline,5,6560,32800
1359,16-01-2025 19:00,Tablet,Electronics,Chennai,Offline,2,2312,4624
1360,22-03-2025 13:00,Backpack,Accessories,Hyderabad,Online,1,10194,10194
1361,28-11-2025 10:00,Watch,Accessories,Hyderabad,Offline,1,32763,32763
1362,22-02-2025 14:00,Tablet,Electronics,Hyderabad,Online,4,2291,9164
1363,04-01-2025 09:00,Tablet,Electronics,Delhi,Offline,2,8204,16408
1364,21-06-2025 20:00,Backpack,Accessories,Hyderabad,Online,3,44283,132849
1365,04-02-2025 13:00,Laptop,Electronics,Delhi,Offline,2,49464,98928
1366,21-09-2025 03:00,Headphones,Electronics,Mumbai,Offline,5,8349,41745
1367,15-09-2025 19:00,Tablet,Electronics,Mumbai,Online,5,9838,49190
1368,31-08-2025 11:00,T-shirt,Fashion,Pune,Online,5,8344,41720
1369,16-07-2025 07:00,T-shirt,Fashion,Chennai,Offline,1,32543,32543
1370,20-02-2025 19:00,Headphones,Electronics,Delhi,Offline,3,26862,80586
1371,04-05-2025 12:00,Headphones,Electronics,Delhi,Online,2,22052,44104
1372,23-04-2025 14:00,Watch,Accessories,Pune,Offline,4,39400,157600
1373,12-09-2025 13:00,Tablet,Electronics,Delhi,Online,3,44796,134388
1374,12-07-2025 01:00,T-shirt,Fashion,Pune,Online,2,6158,12316
1375,06-04-2025 00:00,Backpack,Accessories,Hyderabad,Online,2,32816,65632
1376,15-10-2025 01:00,Watch,Accessories,Chennai,Offline,4,8337,33348
1377,26-09-2025 18:00,Smartphone,Electronics,Mumbai,Offline,3,24661,73983
1378,13-10-2025 13:00,Laptop,Electronics,Hyderabad,Online,2,44875,89750
1379,31-05-2025 23:00,Tablet,Electronics,Bangalore,Offline,4,41689,166756
1380,31-05-2025 21:00,Backpack,Accessories,Delhi,Offline,3,23919,71757
1381,08-11-2025 03:00,Headphones,Electronics,Mumbai,Online,1,18493,18493
1382,10-08-2025 08:00,Headphones,Electronics,Hyderabad,Online,4,15111,60444
1383,25-04-2025 15:00,Shoes,Fashion,Chennai,Online,4,26866,107464
1384,25-08-2025 00:00,Laptop,Electronics,Pune,Online,1,44625,44625
1385,30-09-2025 12:00,Shoes,Fashion,Pune,Offline,4,11863,47452
1386,26-05-2025 09:00,Shoes,Fashion,Pune,Online,4,29623,118492
1387,14-04-2025 04:00,Backpack,Accessories,Delhi,Online,5,31493,157465
1388,16-01-2025 22:00,Shoes,Fashion,Bangalore,Offline,1,11661,11661
1389,13-05-2025 21:00,Watch,Accessories,Pune,Offline,5,31270,156350
1390,18-01-2025 12:00,Laptop,Electronics,Pune,Online,1,8218,8218
1391,02-08-2025 09:00,Laptop,Electronics,Chennai,Online,2,19926,39852
1392,09-10-2025 22:00,Shoes,Fashion,Hyderabad,Offline,4,12478,49912
1393,16-12-2025 18:00,Backpack,Accessories,Chennai,Offline,2,16872,33744
1394,31-01-2025 18:00,Smartphone,Electronics,Delhi,Offline,2,37038,74076
1395,08-01-2025 14:00,T-shirt,Fashion,Mumbai,Online,3,2563,7689
1396,03-12-2025 07:00,T-shirt,Fashion,Chennai,Online,2,8381,16762
1397,03-09-2025 18:00,Laptop,Electronics,Mumbai,Online,4,5137,20548
1398,23-08-2025 05:00,T-shirt,Fashion,Chennai,Online,1,20584,20584
1399,04-07-2025 15:00,Smartphone,Electronics,Hyderabad,Offline,2,17188,34376
1400,21-03-2025 19:00,Headphones,Electronics,Chennai,Offline,1,27150,27150
1401,06-09-2025 08:00,Laptop,Electronics,Delhi,Online,3,5156,15468
1402,17-03-2025 23:00,Headphones,Electronics,Mumbai,Offline,1,46200,46200
1403,08-11-2025 08:00,Watch,Accessories,Pune,Online,5,22815,114075
1404,20-07-2025 16:00,Watch,Accessories,Bangalore,Offline,2,21398,42796
1405,04-04-2025 19:00,Smartphone,Electronics,Hyderabad,Online,3,5558,16674
1406,07-11-2025 05:00,Tablet,Electronics,Delhi,Offline,3,8805,26415
1407,04-09-2025 14:00,Shoes,Fashion,Delhi,Online,1,12946,12946
1408,29-04-2025 06:00,T-shirt,Fashion,Hyderabad,Online,3,6949,20847
1409,27-11-2025 06:00,Headphones,Electronics,Bangalore,Online,2,2003,4006
1410,26-07-2025 17:00,Smartphone,Electronics,Bangalore,Offline,4,41764,167056
1411,09-03-2025 10:00,Watch,Accessories,Chennai,Offline,1,8511,8511
1412,03-05-2025 09:00,T-shirt,Fashion,Mumbai,Online,3,12815,38445
1413,27-09-2025 22:00,Watch,Accessories,Pune,Offline,1,29511,29511
1414,19-07-2025 23:00,Tablet,Electronics,Mumbai,Online,2,32310,64620
1415,08-04-2025 11:00,Backpack,Accessories,Hyderabad,Online,2,42970,85940
1416,28-08-2025 05:00,Backpack,Accessories,Bangalore,Online,3,3633,10899
1417,17-08-2025 14:00,Smartphone,Electronics,Mumbai,Offline,3,49004,147012
1418,19-07-2025 03:00,Tablet,Electronics,Delhi,Offline,2,32040,64080
1419,31-05-2025 10:00,Backpack,Accessories,Pune,Online,3,2298,6894
1420,29-12-2025 03:00,Headphones,Electronics,Delhi,Offline,1,16725,16725
1421,23-10-2025 15:00,Tablet,Electronics,Mumbai,Online,4,23719,94876
1422,04-11-2025 00:00,Backpack,Accessories,Chennai,Online,1,27983,27983
1423,24-12-2025 16:00,Laptop,Electronics,Hyderabad,Offline,3,14733,44199
1424,14-05-2025 22:00,Headphones,Electronics,Bangalore,Offline,1,36596,36596
1425,17-03-2025 23:00,T-shirt,Fashion,Bangalore,Offline,3,19053,57159
1426,16-10-2025 03:00,T-shirt,Fashion,Pune,Offline,2,21881,43762
1427,12-11-2025 12:00,T-shirt,Fashion,Mumbai,Offline,4,47026,188104
1428,26-12-2025 01:00,Smartphone,Electronics,Hyderabad,Online,3,22612,67836
1429,02-06-2025 16:00,Watch,Accessories,Delhi,Online,4,40453,161812
1430,31-07-2025 11:00,T-shirt,Fashion,Delhi,Offline,3,3460,10380
1431,19-06-2025 22:00,Backpack,Accessories,Chennai,Online,4,11561,46244
1432,06-09-2025 05:00,Tablet,Electronics,Chennai,Online,5,48739,243695
1433,11-11-2025 09:00,T-shirt,Fashion,Chennai,Online,4,10601,42404
1434,28-01-2025 04:00,Smartphone,Electronics,Chennai,Offline,4,6027,24108
1435,14-05-2025 18:00,T-shirt,Fashion,Hyderabad,Offline,5,49856,249280
1436,07-05-2025 17:00,Shoes,Fashion,Bangalore,Online,5,6359,31795
1437,15-03-2025 06:00,T-shirt,Fashion,Chennai,Offline,5,45534,227670
1438,26-11-2025 18:00,Shoes,Fashion,Bangalore,Online,1,30632,30632
1439,08-08-2025 13:00,T-shirt,Fashion,Hyderabad,Online,3,30015,90045
1440,18-05-2025 14:00,Watch,Accessories,Chennai,Offline,1,38084,38084
1441,04-10-2025 04:00,Laptop,Electronics,Bangalore,Offline,5,28771,143855
1442,26-01-2025 14:00,Tablet,Electronics,Hyderabad,Offline,2,27231,54462
1443,03-03-2025 06:00,Headphones,Electronics,Bangalore,Offline,4,31710,126840
1444,18-03-2025 11:00,T-shirt,Fashion,Bangalore,Offline,1,44103,44103
1445,14-10-2025 06:00,Watch,Accessories,Mumbai,Online,1,19182,19182
1446,16-10-2025 12:00,Watch,Accessories,Bangalore,Online,3,44377,133131
1447,14-02-2025 21:00,Shoes,Fashion,Bangalore,Offline,4,22383,89532
1448,31-03-2025 16:00,Laptop,Electronics,Mumbai,Online,4,4447,17788
1449,25-03-2025 21:00,Headphones,Electronics,Mumbai,Online,1,45418,45418
1450,12-04-2025 10:00,Smartphone,Electronics,Hyderabad,Offline,5,15224,76120
1451,02-02-2025 06:00,Watch,Accessories,Delhi,Offline,1,44021,44021
1452,04-11-2025 20:00,Laptop,Electronics,Bangalore,Offline,2,4871,9742
1453,31-07-2025 20:00,T-shirt,Fashion,Delhi,Online,3,49451,148353
1454,23-10-2025 20:00,Headphones,Electronics,Hyderabad,Offline,4,42175,168700
1455,05-08-2025 23:00,Smartphone,Electronics,Bangalore,Offline,1,35495,35495
1456,02-06-2025 22:00,T-shirt,Fashion,Mumbai,Offline,3,45755,137265
1457,27-11-2025 15:00,Watch,Accessories,Mumbai,Offline,5,29619,148095
1458,24-08-2025 03:00,Laptop,Electronics,Chennai,Offline,1,32286,32286
1459,17-04-2025 08:00,Shoes,Fashion,Mumbai,Offline,3,44452,133356
1460,25-06-2025 00:00,Smartphone,Electronics,Pune,Online,2,39808,79616
1461,20-03-2025 07:00,Smartphone,Electronics,Pune,Offline,2,21388,42776
1462,29-06-2025 09:00,Smartphone,Electronics,Delhi,Offline,1,47257,47257
1463,26-07-2025 11:00,Laptop,Electronics,Bangalore,Online,4,19041,76164
1464,14-08-2025 07:00,Headphones,Electronics,Pune,Offline,2,41305,82610
1465,21-10-2025 02:00,Laptop,Electronics,Bangalore,Online,2,12597,25194
1466,29-06-2025 02:00,T-shirt,Fashion,Hyderabad,Offline,2,3362,6724
1467,11-06-2025 13:00,Laptop,Electronics,Hyderabad,Online,5,9787,48935
1468,27-05-2025 00:00,Laptop,Electronics,Delhi,Offline,5,45960,229800
1469,16-07-2025 09:00,Watch,Accessories,Mumbai,Offline,3,8447,25341
1470,16-08-2025 07:00,Headphones,Electronics,Delhi,Offline,3,16807,50421
1471,24-04-2025 15:00,Watch,Accessories,Delhi,Offline,4,11468,45872
1472,04-05-2025 08:00,Headphones,Electronics,Delhi,Online,4,41735,166940
1473,01-10-2025 04:00,Laptop,Electronics,Mumbai,Online,4,17568,70272
1474,07-10-2025 02:00,Backpack,Accessories,Hyderabad,Offline,4,34175,136700
1475,15-02-2025 03:00,Backpack,Accessories,Chennai,Online,4,7771,31084
1476,03-01-2025 08:00,Headphones,Electronics,Bangalore,Online,2,25459,50918
1477,24-07-2025 13:00,Shoes,Fashion,Pune,Online,1,37510,37510
1478,25-12-2025 15:00,Laptop,Electronics,Pune,Offline,5,42444,212220
1479,12-01-2025 01:00,Shoes,Fashion,Bangalore,Offline,4,38294,153176
1480,12-04-2025 20:00,T-shirt,Fashion,Bangalore,Offline,1,4690,4690
1481,02-04-2025 10:00,Watch,Accessories,Delhi,Offline,1,30884,30884
1482,12-10-2025 07:00,Laptop,Electronics,Bangalore,Online,1,42194,42194
1483,13-01-2025 08:00,Tablet,Electronics,Hyderabad,Offline,4,5461,21844
1484,06-07-2025 13:00,Smartphone,Electronics,Delhi,Online,3,38338,115014
1485,26-03-2025 19:00,Laptop,Electronics,Pune,Online,1,29741,29741
1486,11-10-2025 17:00,Shoes,Fashion,Chennai,Offline,2,13056,26112
1487,20-11-2025 13:00,Headphones,Electronics,Pune,Offline,4,33166,132664
1488,03-03-2025 20:00,Laptop,Electronics,Mumbai,Offline,5,24994,124970
1489,09-07-2025 15:00,Headphones,Electronics,Mumbai,Offline,3,18705,56115
1490,05-01-2025 08:00,Backpack,Accessories,Hyderabad,Online,3,34975,104925
1491,26-08-2025 09:00,Watch,Accessories,Mumbai,Online,3,5803,17409
1492,12-07-2025 14:00,Headphones,Electronics,Chennai,Offline,5,10914,54570
1493,14-02-2025 18:00,Smartphone,Electronics,Bangalore,Online,1,43692,43692
1494,10-01-2025 02:00,Tablet,Electronics,Hyderabad,Online,4,1199,4796
1495,05-08-2025 17:00,Smartphone,Electronics,Delhi,Online,2,16032,32064
1496,06-06-2025 04:00,Backpack,Accessories,Bangalore,Online,2,29958,59916
1497,17-05-2025 16:00,Headphones,Electronics,Mumbai,Online,4,32359,129436
1498,01-05-2025 09:00,Laptop,Electronics,Delhi,Offline,1,30095,30095
1499,31-03-2025 20:00,Smartphone,Electronics,Mumbai,Offline,2,27347,54694
